{"cameraMode":{"drawMode":0,"name":"Shaded","section":"Shading Mode"},"sceneLighting":true,"audioPlay":false,"sceneViewState":{"showFog":true,"showMaterialUpdate":false,"showSkybox":true,"showFlares":true,"showImageEffects":true,"showParticleSystems":true,"showVisualEffectGraphs":true,"m_FxEnabled":true},"in2DMode":false,"pivot":{"x":9.617554664611817,"y":3.5724902153015138,"z":-616.4713745117188},"rotation":{"x":0.012496846728026867,"y":0.9372432827949524,"z":-0.03216610476374626,"w":0.3477565050125122},"size":10.943991661071778,"orthographic":false}