{"cameraMode":{"drawMode":0,"name":"Shaded","section":"Shading Mode"},"sceneLighting":true,"audioPlay":false,"sceneViewState":{"showFog":true,"showMaterialUpdate":false,"showSkybox":true,"showFlares":true,"showImageEffects":true,"showParticleSystems":true,"showVisualEffectGraphs":true,"m_FxEnabled":true},"in2DMode":false,"pivot":{"x":-10.792943000793457,"y":0.12365826964378357,"z":-4.233250617980957},"rotation":{"x":-0.0010622658301144839,"y":0.990869402885437,"z":-0.13489772379398347,"w":-0.008002604357898236},"size":3.4779272079467775,"orthographic":false}