{"cameraMode":{"drawMode":0,"name":"Shaded","section":"Shading Mode"},"sceneLighting":false,"audioPlay":false,"sceneViewState":{"showFog":true,"showMaterialUpdate":false,"showSkybox":false,"showFlares":true,"showImageEffects":true,"showParticleSystems":true,"showVisualEffectGraphs":true,"m_FxEnabled":true},"in2DMode":false,"pivot":{"x":-1.009752631187439,"y":0.21135510504245759,"z":0.19940215349197389},"rotation":{"x":-0.11963968724012375,"y":-0.6695284843444824,"z":0.11038260161876679,"w":-0.7248054146766663},"size":16.956315994262697,"orthographic":false}