{"cameraMode":{"drawMode":0,"name":"Shaded","section":"Shading Mode"},"sceneLighting":false,"audioPlay":false,"sceneViewState":{"showFog":false,"showMaterialUpdate":false,"showSkybox":false,"showFlares":false,"showImageEffects":false,"showParticleSystems":false,"showVisualEffectGraphs":true,"m_FxEnabled":true},"in2DMode":false,"pivot":{"x":-2.6337482929229738,"y":2.8892266750335695,"z":1.9437448978424073},"rotation":{"x":0.07074835896492005,"y":-0.009295436553657055,"z":0.0006573189166374505,"w":0.9974740147590637},"size":3.8948185443878176,"orthographic":false}