{"cameraMode":{"drawMode":0,"name":"Shaded","section":"Shading Mode"},"sceneLighting":false,"audioPlay":false,"sceneViewState":{"showFog":true,"showMaterialUpdate":false,"showSkybox":false,"showFlares":true,"showImageEffects":true,"showParticleSystems":true,"showVisualEffectGraphs":true,"m_FxEnabled":true},"in2DMode":false,"pivot":{"x":0.5433661937713623,"y":-0.1424112766981125,"z":-0.0009361803531646729},"rotation":{"x":-0.12644797563552857,"y":-0.6458958387374878,"z":0.10942552238702774,"w":-0.7449654340744019},"size":9.027393341064454,"orthographic":false}