{"cameraMode":{"drawMode":0,"name":"Shaded","section":"Shading Mode"},"sceneLighting":false,"audioPlay":false,"sceneViewState":{"showFog":true,"showMaterialUpdate":false,"showSkybox":false,"showFlares":true,"showImageEffects":true,"showParticleSystems":true,"showVisualEffectGraphs":true,"m_FxEnabled":true},"in2DMode":false,"pivot":{"x":-14.484932899475098,"y":2.348773956298828,"z":-3.1467292308807375},"rotation":{"x":-0.016351545229554178,"y":0.8850905895233154,"z":-0.46417203545570376,"w":-0.031351711601018909},"size":0.01683354377746582,"orthographic":false}